{
  "$schema": "https://biomejs.dev/schemas/1.9.4/schema.json",
  "organizeImports": {
    "enabled": true
  },
  "linter": {
    "enabled": true,
    "rules": {
      "recommended": false,
      "complexity": {
        "noStaticOnlyClass": "off"
      },
      "correctness": {
        "noInvalidUseBeforeDeclaration": "error",
        "noUnusedVariables": "warn",
        "noUnusedImports": "warn"
      },
      "style": {
        "noNamespace": "off",
        "noNonNullAssertion": "off",
        "useTemplate": "warn",
        "noUselessElse": "warn",
        "useImportType": "error"
      },
      "suspicious": {
        "noDoubleEquals": "off",
        "noExplicitAny": "off",
        "noPrototypeBuiltins": "off"
      }
    }
  },
  "formatter": {
    "indentWidth": 4,
    "indentStyle": "space",
    "lineWidth": 90
  },
  "vcs": {
    "enabled": true,
    "clientKind": "git",
    "useIgnoreFile": true
  },
  "javascript": {
    "formatter": {
      "trailingCommas": "all"
    }
  },
  "json": {
    "formatter": {
      "indentWidth": 2
    }
  },
  "css": {
    "formatter": {
      "indentWidth": 2
    }
  }
}
